index,label
0,answer
1,answer
2,answer
3,answer
4,answer
5,answer
6,answer
7,answer
8,answer
9,answer
10,answer
11,answer
12,answer
13,answer
14,answer
15,answer
16,answer
17,answer
18,answer
19,answer
20,answer
21,answer
22,answer
23,answer
24,answer
25,answer
26,answer
27,answer
28,answer
29,answer
30,answer
31,answer
32,answer
33,answer
34,answer
35,answer
36,answer
37,answer
38,answer
39,answer
40,answer
41,answer
42,answer
43,answer
44,answer
45,answer
46,answer
47,answer
48,answer
49,answer
50,answer
51,answer
52,answer
53,answer
54,answer
55,answer
56,answer
57,answer
58,answer
59,answer
60,answer
61,answer
62,answer
63,answer
64,answer
65,answer
66,answer
67,answer
68,answer
69,answer
70,answer
71,answer
72,answer
73,answer
74,answer
75,answer
76,answer
77,answer
78,answer
79,answer
80,answer
81,answer
82,answer
83,answer
84,answer
85,answer
86,answer
87,answer
88,answer
89,answer
90,answer
91,answer
92,answer
93,answer
94,answer
95,answer
96,answer
97,answer
98,answer
99,answer
100,answer
101,answer
102,answer
103,answer
104,answer
105,answer
106,answer
107,answer
108,answer
109,answer
110,answer
111,answer
112,answer
113,answer
114,answer
115,answer
116,answer
117,answer
118,answer
119,answer
120,answer
121,answer
122,answer
123,answer
124,answer
125,answer
126,answer
127,answer
128,answer
129,answer
130,answer
131,answer
132,answer
133,answer
134,answer
135,answer
136,answer
137,answer
138,answer
139,answer
140,answer
141,answer
142,answer
143,answer
144,answer
145,answer
146,answer
147,answer
148,answer
149,answer
150,answer
151,answer
152,answer
153,answer
154,answer
155,answer
156,answer
157,answer
158,answer
159,answer
160,answer
161,answer
162,answer
163,answer
164,answer
165,answer
166,answer
167,answer
168,answer
169,answer
170,answer
171,answer
172,answer
173,answer
174,answer
175,answer
176,answer
177,answer
178,answer
179,answer
180,answer
181,answer
182,answer
183,answer
184,answer
185,answer
186,answer
187,answer
188,answer
189,answer
190,answer
191,answer
192,answer
193,answer
194,answer
195,answer
196,answer
197,answer
198,answer
199,answer
200,answer
201,answer
202,answer
203,answer
204,answer
205,answer
206,answer
207,answer
208,answer
209,answer
210,answer
211,answer
212,answer
213,answer
214,answer
215,answer
216,answer
217,answer
218,answer
219,answer
220,answer
221,answer
222,answer
223,answer
224,answer
225,answer
226,answer
227,answer
228,answer
229,answer
230,answer
231,answer
232,answer
233,answer
234,answer
235,answer
236,answer
237,answer
238,answer
239,answer
240,answer
241,answer
242,answer
243,answer
244,answer
245,answer
246,answer
247,answer
248,answer
249,answer
250,answer
251,answer
252,answer
253,answer
254,answer
255,answer
256,answer
257,answer
258,answer
259,answer
260,answer
261,answer
262,answer
263,answer
264,answer
265,answer
266,answer
267,answer
268,answer
269,answer
270,answer
271,answer
272,answer
273,answer
274,answer
275,answer
276,answer
277,answer
278,answer
279,answer
280,answer
281,answer
282,answer
283,answer
284,answer
285,answer
286,answer
287,answer
288,answer
289,answer
290,answer
291,answer
292,answer
293,answer
294,answer
295,answer
296,answer
297,answer
298,answer
299,answer
300,answer
301,answer
302,answer
303,answer
304,answer
305,answer
306,answer
307,answer
308,answer
309,answer
310,answer
311,answer
312,answer
313,answer
314,answer
315,answer
316,answer
317,answer
318,answer
319,answer
320,answer
321,answer
322,answer
323,answer
324,answer
325,answer
326,answer
327,answer
328,answer
329,answer
330,answer
331,answer
332,answer
333,answer
334,answer
335,answer
336,answer
337,answer
338,answer
339,answer
340,answer
341,answer
342,answer
343,answer
344,answer
345,answer
346,answer
347,answer
348,answer
349,answer
350,answer
351,answer
352,answer
353,answer
354,answer
355,answer
356,answer
357,answer
358,answer
359,answer
360,answer
361,answer
362,answer
363,answer
364,answer
365,answer
366,answer
367,answer
368,answer
369,answer
370,answer
371,answer
372,answer
373,answer
374,answer
375,answer
376,answer
377,answer
378,answer
379,answer
380,answer
381,answer
382,answer
383,answer
384,answer
385,answer
386,answer
387,answer
388,answer
389,answer
390,answer
391,answer
392,answer
393,answer
394,answer
395,answer
396,answer
397,answer
398,answer
399,answer
400,answer
401,answer
402,answer
403,answer
404,answer
405,answer
406,answer
407,answer
408,answer
409,answer
410,answer
411,answer
412,answer
413,answer
414,answer
415,answer
416,answer
417,answer
418,answer
419,answer
420,answer
421,answer
422,answer
423,answer
424,answer
425,answer
426,answer
427,answer
428,answer
429,answer
430,answer
431,answer
432,answer
433,answer
434,answer
435,answer
436,answer
437,answer
438,answer
439,answer
440,answer
441,answer
442,answer
443,answer
444,answer
445,answer
446,answer
447,answer
448,answer
449,answer
450,answer
451,answer
452,answer
453,answer
454,answer
455,answer
456,answer
457,answer
458,answer
459,answer
460,answer
461,answer
462,answer
463,answer
464,answer
465,answer
466,answer
467,answer
468,answer
469,answer
470,answer
471,answer
472,answer
473,answer
474,answer
475,answer
476,answer
477,answer
478,answer
479,answer
480,answer
481,answer
482,answer
483,answer
484,answer
485,answer
486,answer
487,answer
488,answer
489,answer
490,answer
491,answer
492,answer
493,answer
494,answer
495,answer
496,answer
497,answer
498,answer
499,answer
500,answer
501,answer
502,answer
503,answer
504,answer
505,answer
506,answer
507,answer
508,answer
509,answer
510,answer
511,answer
512,answer
513,answer
514,answer
515,answer
516,answer
517,answer
518,answer
519,answer
520,answer
521,answer
522,answer
523,answer
524,answer
525,answer
526,answer
527,answer
528,answer
529,answer
530,answer
531,answer
532,answer
533,answer
534,answer
535,answer
536,answer
537,answer
538,answer
539,answer
540,answer
541,answer
542,answer
543,answer
544,answer
545,answer
546,answer
547,answer
548,answer
549,answer
550,answer
551,answer
552,answer
553,answer
554,answer
555,answer
556,answer
557,answer
558,answer
559,answer
560,answer
561,answer
562,answer
563,answer
564,answer
565,answer
566,answer
567,answer
568,answer
569,answer
570,answer
571,answer
572,answer
573,answer
574,answer
575,answer
576,answer
577,answer
578,answer
579,answer
580,answer
581,answer
582,answer
583,answer
584,answer
585,answer
586,answer
587,answer
588,answer
589,answer
590,answer
591,answer
592,answer
593,answer
594,answer
595,answer
596,answer
597,answer
598,answer
599,answer
600,answer
601,answer
602,answer
603,answer
604,answer
605,answer
606,answer
607,answer
608,answer
609,answer
610,answer
611,answer
612,answer
613,answer
614,answer
615,answer
616,answer
617,answer
618,answer
619,answer
620,answer
621,answer
622,answer
623,answer
624,answer
625,answer
626,answer
627,answer
628,answer
629,answer
630,answer
631,answer
632,answer
633,answer
634,answer
635,answer
636,answer
637,answer
638,answer
639,answer
640,answer
641,answer
642,answer
643,answer
644,answer
645,answer
646,answer
647,answer
648,answer
649,answer
650,answer
651,answer
652,answer
653,answer
654,answer
655,answer
656,answer
657,answer
658,answer
659,answer
660,answer
661,answer
662,answer
663,answer
664,answer
665,answer
666,answer
667,answer
668,answer
669,answer
670,answer
671,answer
672,answer
673,answer
674,answer
675,answer
676,answer
677,answer
678,answer
679,answer
680,answer
681,answer
682,answer
683,answer
684,answer
685,answer
686,answer
687,answer
688,answer
689,answer
690,answer
691,answer
692,answer
693,answer
694,answer
695,answer
696,answer
697,answer
698,answer
699,answer
700,answer
701,answer
702,answer
703,answer
704,answer
705,answer
706,answer
707,answer
708,answer
709,answer
710,answer
711,answer
712,answer
713,answer
714,answer
715,answer
716,answer
717,answer
718,answer
719,answer
720,answer
721,answer
722,answer
723,answer
724,answer
725,answer
726,answer
727,answer
728,answer
729,answer
730,answer
731,answer
732,answer
733,answer
734,answer
735,answer
736,answer
737,answer
738,answer
739,answer
740,answer
741,answer
742,answer
743,answer
744,answer
745,answer
746,answer
747,answer
748,answer
749,answer
750,answer
751,answer
752,answer
753,answer
754,answer
755,answer
756,answer
757,answer
758,answer
759,answer
760,answer
761,answer
762,answer
763,answer
764,answer
765,answer
766,answer
767,answer
768,answer
769,answer
770,answer
771,answer
772,answer
773,answer
774,answer
775,answer
776,answer
777,answer
778,answer
779,answer
780,answer
781,answer
782,answer
783,answer
784,answer
785,answer
786,answer
787,answer
788,answer
789,answer
790,answer
791,answer
792,answer
793,answer
794,answer
795,answer
796,answer
797,answer
798,answer
799,answer
800,answer
801,answer
802,answer
803,answer
804,answer
805,answer
806,answer
807,answer
808,answer
809,answer
810,answer
811,answer
812,answer
813,answer
814,answer
815,answer
816,answer
817,answer
818,answer
819,answer
820,answer
821,answer
822,answer
823,answer
824,answer
825,answer
826,answer
827,answer
828,answer
829,answer
830,answer
831,answer
832,answer
833,answer
834,answer
835,answer
836,answer
837,answer
838,answer
839,answer
840,answer
841,answer
842,answer
843,answer
844,answer
845,answer
846,answer
847,answer
848,answer
849,answer
850,answer
851,answer
852,answer
853,answer
854,answer
855,answer
856,answer
857,answer
858,answer
859,answer
860,answer
861,answer
862,answer
863,answer
864,answer
865,answer
866,answer
867,answer
868,answer
869,answer
870,answer
871,answer
872,answer
873,answer
874,answer
875,answer
876,answer
877,answer
878,answer
879,answer
880,answer
881,answer
882,answer
883,answer
884,answer
885,answer
886,answer
887,answer
888,answer
889,answer
890,answer
891,answer
892,answer
893,answer
894,answer
895,answer
896,answer
897,answer
898,answer
899,answer
900,answer
901,answer
902,answer
903,answer
904,answer
905,answer
906,answer
907,answer
908,answer
909,answer
910,answer
911,answer
912,answer
913,answer
914,answer
915,answer
916,answer
917,answer
918,answer
919,answer
920,answer
921,answer
922,answer
923,answer
924,answer
925,answer
926,answer
927,answer
928,answer
929,answer
930,answer
931,answer
932,answer
933,answer
934,answer
935,answer
936,answer
937,answer
938,answer
939,answer
940,answer
941,answer
942,answer
943,answer
944,answer
945,answer
946,answer
947,answer
948,answer
949,answer
950,answer
951,answer
952,answer
953,answer
954,answer
955,answer
956,answer
957,answer
958,answer
959,answer
960,answer
961,answer
962,answer
963,answer
964,answer
965,answer
966,answer
967,answer
968,answer
969,answer
970,answer
971,answer
972,answer
973,answer
974,answer
975,answer
976,answer
977,answer
978,answer
979,answer
980,answer
981,answer
982,answer
983,answer
984,answer
985,answer
986,answer
987,answer
988,answer
989,answer
990,answer
991,answer
992,answer
993,answer
994,answer
995,answer
996,answer
997,answer
998,answer
999,answer
1000,answer
1001,answer
1002,answer
1003,answer
1004,answer
1005,answer
1006,answer
1007,answer
1008,answer
1009,answer
1010,answer
1011,answer
1012,answer
1013,answer
1014,answer
1015,answer
1016,answer
1017,answer
1018,answer
1019,answer
1020,answer
1021,answer
1022,answer
1023,answer
1024,answer
1025,answer
1026,answer
1027,answer
1028,answer
1029,answer
1030,answer
1031,answer
1032,answer
1033,answer
1034,answer
1035,answer
1036,answer
1037,answer
1038,answer
1039,answer
1040,answer
1041,answer
1042,answer
1043,answer
1044,answer
1045,answer
1046,answer
1047,answer
1048,answer
1049,answer
1050,answer
1051,answer
1052,answer
1053,answer
1054,answer
1055,answer
1056,answer
1057,answer
1058,answer
1059,answer
1060,answer
1061,answer
1062,answer
1063,answer
1064,answer
1065,answer
1066,answer
1067,answer
1068,answer
1069,answer
1070,answer
1071,answer
1072,answer
1073,answer
1074,answer
1075,answer
1076,answer
1077,answer
1078,answer
1079,answer
1080,answer
1081,answer
1082,answer
1083,answer
1084,answer
1085,answer
1086,answer
1087,answer
1088,answer
1089,answer
1090,answer
1091,answer
1092,answer
1093,answer
1094,answer
1095,answer
1096,answer
1097,answer
1098,answer
1099,answer
1100,answer
1101,answer
1102,answer
1103,answer
1104,answer
1105,answer
1106,answer
1107,answer
1108,answer
1109,answer
1110,answer
1111,answer
1112,answer
1113,answer
1114,answer
1115,answer
1116,answer
1117,answer
1118,answer
1119,answer
1120,answer
1121,answer
1122,answer
1123,answer
1124,answer
1125,answer
1126,answer
1127,answer
1128,answer
1129,answer
1130,answer
1131,answer
1132,answer
1133,answer
1134,answer
1135,answer
1136,answer
1137,answer
1138,answer
1139,answer
1140,answer
1141,answer
1142,answer
1143,answer
1144,answer
1145,answer
1146,answer
1147,answer
1148,answer
1149,answer
1150,answer
1151,answer
1152,answer
1153,answer
1154,answer
1155,answer
1156,answer
1157,answer
1158,answer
1159,answer
1160,answer
1161,answer
1162,answer
1163,answer
1164,answer
1165,answer
1166,answer
1167,answer
1168,answer
1169,answer
1170,answer
1171,answer
1172,answer
1173,answer
1174,answer
1175,answer
1176,answer
1177,answer
1178,answer
1179,answer
1180,answer
1181,answer
1182,answer
1183,answer
1184,answer
1185,answer
1186,answer
1187,answer
1188,answer
1189,answer
1190,answer
1191,answer
1192,answer
1193,answer
1194,answer
1195,answer
1196,answer
1197,answer
1198,answer
1199,answer
1200,answer
1201,answer
1202,answer
1203,answer
1204,answer
1205,answer
1206,answer
1207,answer
1208,answer
1209,answer
1210,answer
1211,answer
1212,answer
1213,answer
1214,answer
1215,answer
1216,answer
1217,answer
1218,answer
1219,answer
1220,answer
1221,answer
1222,answer
1223,answer
1224,answer
1225,answer
1226,answer
1227,answer
1228,answer
1229,answer
1230,answer
1231,answer
1232,answer
1233,answer
1234,answer
1235,answer
1236,answer
1237,answer
1238,answer
1239,answer
1240,answer
1241,answer
1242,answer
1243,answer
1244,answer
1245,answer
1246,answer
1247,answer
1248,answer
1249,answer
1250,answer
1251,answer
1252,answer
1253,answer
1254,answer
1255,answer
1256,answer
1257,answer
1258,answer
1259,answer
1260,answer
1261,answer
1262,answer
1263,answer
1264,answer
1265,answer
1266,answer
1267,answer
1268,answer
1269,answer
1270,answer
1271,answer
1272,answer
1273,answer
1274,answer
1275,answer
1276,answer
1277,answer
1278,answer
1279,answer
1280,answer
1281,answer
1282,answer
1283,answer
1284,answer
1285,answer
1286,answer
1287,answer
1288,answer
1289,answer
1290,answer
1291,answer
1292,answer
1293,answer
1294,answer
1295,answer
1296,answer
1297,answer
1298,answer
1299,answer
1300,answer
1301,answer
1302,answer
1303,answer
1304,answer
1305,answer
1306,answer
1307,answer
1308,answer
1309,answer
1310,answer
1311,answer
1312,answer
1313,answer
1314,answer
1315,answer
1316,answer
1317,answer
1318,answer
1319,answer
1320,answer
1321,answer
1322,answer
1323,answer
1324,answer
1325,answer
1326,answer
1327,answer
1328,answer
1329,answer
1330,answer
1331,answer
1332,answer
1333,answer
1334,answer
1335,answer
1336,answer
1337,answer
1338,answer
1339,answer
1340,answer
1341,answer
1342,answer
1343,answer
1344,answer
1345,answer
1346,answer
1347,answer
1348,answer
1349,answer
1350,answer
1351,answer
1352,answer
1353,answer
1354,answer
1355,answer
1356,answer
1357,answer
1358,answer
1359,answer
1360,answer
1361,answer
1362,answer
1363,answer
1364,answer
1365,answer
1366,answer
1367,answer
1368,answer
1369,answer
1370,answer
1371,answer
1372,answer
1373,answer
1374,answer
1375,answer
1376,answer
1377,answer
1378,answer
1379,answer
1380,answer
1381,answer
1382,answer
1383,answer
1384,answer
1385,answer
1386,answer
1387,answer
1388,answer
1389,answer
1390,answer
1391,answer
1392,answer
1393,answer
1394,answer
1395,answer
1396,answer
1397,answer
1398,answer
1399,answer
1400,answer
1401,answer
1402,answer
1403,answer
1404,answer
1405,answer
1406,answer
1407,answer
1408,answer
1409,answer
1410,answer
1411,answer
1412,answer
1413,answer
1414,answer
1415,answer
1416,answer
1417,answer
1418,answer
1419,answer
1420,answer
1421,answer
1422,answer
1423,answer
1424,answer
1425,answer
1426,answer
1427,answer
1428,answer
1429,answer
1430,answer
1431,answer
1432,answer
1433,answer
1434,answer
1435,answer
1436,answer
1437,answer
1438,answer
1439,answer
1440,answer
1441,answer
1442,answer
1443,answer
1444,answer
1445,answer
1446,answer
1447,answer
1448,answer
1449,answer
1450,answer
1451,answer
1452,answer
1453,answer
1454,answer
1455,answer
1456,answer
1457,answer
1458,answer
1459,answer
1460,answer
1461,answer
1462,answer
1463,answer
1464,answer
1465,answer
1466,answer
1467,answer
1468,answer
1469,answer
1470,answer
1471,answer
1472,answer
1473,answer
1474,answer
1475,answer
1476,answer
1477,answer
1478,answer
1479,answer
1480,answer
1481,answer
1482,answer
1483,answer
1484,answer
1485,answer
1486,answer
1487,answer
1488,answer
1489,answer
1490,answer
1491,answer
1492,answer
1493,answer
1494,answer
1495,answer
1496,answer
1497,answer
1498,answer
1499,answer
1500,answer
1501,answer
1502,answer
1503,answer
1504,answer
1505,answer
1506,answer
1507,answer
1508,answer
1509,answer
1510,answer
1511,answer
1512,answer
1513,answer
1514,answer
1515,answer
1516,answer
1517,answer
1518,answer
1519,answer
1520,answer
1521,answer
1522,answer
1523,answer
1524,answer
1525,answer
1526,answer
1527,answer
1528,answer
1529,answer
1530,answer
1531,answer
1532,answer
1533,answer
1534,answer
1535,answer
1536,answer
1537,answer
1538,answer
1539,answer
1540,answer
1541,answer
1542,answer
1543,answer
1544,answer
1545,answer
1546,answer
1547,answer
1548,answer
1549,answer
1550,answer
1551,answer
1552,answer
1553,answer
1554,answer
1555,answer
1556,answer
1557,answer
1558,answer
1559,answer
1560,answer
1561,answer
1562,answer
1563,answer
1564,answer
1565,answer
1566,answer
1567,answer
1568,answer
1569,answer
1570,answer
1571,answer
1572,answer
1573,answer
1574,answer
1575,answer
1576,answer
1577,answer
1578,answer
1579,answer
1580,answer
1581,answer
1582,answer
1583,answer
1584,answer
1585,answer
1586,answer
1587,answer
1588,answer
1589,answer
1590,answer
1591,answer
1592,answer
1593,answer
1594,answer
1595,answer
1596,answer
1597,answer
1598,answer
1599,answer
1600,answer
1601,answer
1602,answer
1603,answer
1604,answer
1605,answer
1606,answer
1607,answer
1608,answer
1609,answer
1610,answer
1611,answer
1612,answer
1613,answer
1614,answer
1615,answer
1616,answer
1617,answer
1618,answer
1619,answer
1620,answer
1621,answer
1622,answer
1623,answer
1624,answer
1625,answer
1626,answer
1627,answer
1628,answer
1629,answer
1630,answer
1631,answer
1632,answer
1633,answer
1634,answer
1635,answer
1636,answer
1637,answer
1638,answer
1639,answer
1640,answer
1641,answer
1642,answer
1643,answer
1644,answer
1645,answer
1646,answer
1647,answer
1648,answer
1649,answer
1650,answer
1651,answer
1652,answer
1653,answer
1654,answer
1655,answer
1656,answer
1657,answer
1658,answer
1659,answer
1660,answer
1661,answer
1662,answer
1663,answer
1664,answer
1665,answer
